animalID	year	yday	molt
44168	2016	126	0
44168	2016	129	0
44168	2016	130	0
44168	2016	137	0
44168	2016	139	5
44168	2016	146	15
44168	2016	171	100
44244	2016	110	5
44244	2016	126	0
44244	2016	129	10
44244	2016	130	0
44244	2016	149	100
44244	2016	150	100
44271	2016	96	0
44271	2016	97	0
44271	2016	98	10
44271	2016	104	3
44271	2016	117	10
44271	2016	118	25
44271	2016	136	100
44271	2016	139	100
44271	2016	146	100
44327	2016	131	0
44327	2016	137	2
44327	2016	141	20
44327	2016	153	100
44327	2016	156	100
44327	2016	164	100
44339	2016	96	0
44339	2016	106	0
44339	2016	106	0
44339	2016	110	5
44339	2016	111	0
44339	2016	145	100
44344	2016	126	5
44344	2016	128	0
44344	2016	129	0
44344	2016	133	0
44344	2016	138	2
44344	2016	150	98
44344	2016	162	100
44344	2016	162	100
44344	2016	169	100
44377	2016	110	5
44377	2016	111	0
44377	2016	122	20
44377	2016	125	40
44377	2016	126	75
44377	2016	126	60
44377	2016	146	100
44548	2016	134	100
44548	2016	146	0
44548	2016	146	2
44548	2016	146	0
44548	2016	157	20
44620	2016	84	0
44620	2016	85	0
44620	2016	104	3
44620	2016	117	100
44620	2016	118	100
44620	2016	122	100
44620	2016	141	100
44648	2016	95	0
44648	2016	103	0
44648	2016	106	0
44648	2016	107	0
44648	2016	111	100
44648	2016	114	5
44648	2016	125	90
45083	2016	117	40
45083	2016	122	15
45083	2016	126	0
45083	2016	130	15
45083	2016	134	60
45083	2016	161	100
45108	2016	117	10
45108	2016	118	10
45108	2016	125	2
45108	2016	143	100
45108	2016	143	100
45108	2016	153	100
45277	2016	110	15
45277	2016	138	70
45277	2016	144	15
45277	2016	147	0
45277	2016	150	40
45277	2016	164	100
45280	2016	148	2
45280	2016	149	0
45280	2016	158	5
45280	2016	164	20
45280	2016	167	50
45280	2016	177	100
45455	2017	109	0
45455	2017	114	0
45455	2017	130	40
45455	2017	131	20
45455	2017	135	100
45455	2017	139	100
45455	2017	150	100
45500	2016	118	5
45500	2016	125	10
45500	2016	132	20
45500	2016	134	10
45500	2016	145	100
45500	2016	149	100
45529	2016	111	10
45529	2016	117	20
45529	2016	126	15
45529	2016	128	70
45529	2016	130	40
45529	2016	131	40
45529	2016	132	30
45529	2016	139	100
45529	2016	149	100
45529	2016	150	100
45529	2017	103	0
45529	2017	103	0
45529	2017	105	0
45529	2017	105	0
45529	2017	106	0
45529	2017	110	10
45529	2017	112	0
45529	2017	118	95
45529	2017	119	100
45529	2017	131	100
45529	2017	132	0
45529	2017	132	100
45529	2017	139	100
45529	2017	140	100
45535	2016	126	5
45535	2016	127	5
45535	2016	130	0
45535	2016	134	0
45535	2016	140	40
45535	2016	150	70
45535	2016	156	100
45535	2017	116	0
45535	2017	117	0
45535	2017	135	40
45535	2017	140	95
45535	2017	143	100
45535	2017	146	100
45535	2017	148	100
45535	2017	152	100
45535	2017	153	100
45535	2017	154	100
45535	2017	156	100
45674	2016	103	20
45674	2016	104	2
45674	2016	111	5
45674	2016	116	10
45674	2016	118	20
45674	2016	121	15
45674	2016	136	100
45674	2016	138	100
45674	2016	148	100
45693	2017	111	0
45693	2017	139	80
45693	2017	141	100
45693	2017	142	100
45693	2017	142	100
45693	2017	144	100
45704	2016	95	0
45704	2016	96	40
45704	2016	101	5
45704	2016	106	60
45704	2016	111	20
45704	2016	117	100
45704	2016	125	100
45704	2016	127	100
45714	2017	129	0
45714	2017	131	0
45714	2017	139	20
45714	2017	140	10
45714	2017	141	15
45714	2017	147	70
45714	2017	148	100
45755	2017	109	0
45755	2017	110	0
45755	2017	117	0
45755	2017	128	5
45755	2017	131	0
45755	2017	132	60
45755	2017	152	100
45755	2017	153	100
46541	2017	117	5
46541	2017	118	5
46541	2017	131	5
46541	2017	137	60
46541	2017	141	100
46541	2017	142	0
46552	2018	96	0
46552	2018	98	0
46552	2018	99	0
46552	2018	100	0
46552	2018	109	0
46552	2018	114	0
46552	2018	115	0
46552	2018	129	90
46552	2018	131	100
46552	2018	142	100
46552	2018	143	100
46558	2018	97	0
46558	2018	100	0
46558	2018	111	2
46558	2018	113	5
46558	2018	142	100
46558	2018	143	100
46804	2018	102	0
46804	2018	120	5
46804	2018	129	80
46804	2018	130	95
46804	2018	133	100
46804	2018	133	100
46804	2018	142	100
46804	2018	143	100
46804	2018	146	100
46807	2018	118	5
46807	2018	120	2
46807	2018	122	2
46807	2018	123	2
46807	2018	123	0
46807	2018	143	100
46807	2018	147	100
46827	2017	141	10
46827	2017	142	0
46827	2017	146	0
46827	2017	146	15
46827	2017	148	10
46827	2017	151	20
46827	2017	152	30
46827	2017	156	80
46827	2017	160	100
46896	2017	103	5
46896	2017	103	0
46896	2017	128	75
46896	2017	129	40
46896	2017	131	80
46896	2017	132	100
46896	2018	97	0
46896	2018	115	0
46896	2018	116	5
46896	2018	129	98
46896	2018	133	100
46896	2018	140	100
46896	2018	142	100
46924	2017	128	5
46924	2017	129	15
46924	2017	131	2
46924	2017	144	40
46924	2017	146	60
46924	2017	148	90
46924	2017	150	100
46924	2017	152	100
46954	2017	112	2
46954	2017	114	0
46954	2017	118	0
46954	2017	129	5
46954	2017	131	5
46954	2017	134	10
46954	2017	137	15
46954	2017	137	10
46954	2017	145	100
46964	2017	116	0
46964	2017	117	0
46964	2017	118	0
46964	2017	119	0
46964	2017	128	5
46964	2017	132	10
46964	2017	147	100
46964	2017	151	100
46964	2017	154	100
46976	2017	109	0
46976	2017	117	5
46976	2017	118	5
46976	2017	146	95
46976	2017	148	100
46976	2017	151	100
46976	2018	112	5
46976	2018	120	80
46976	2018	121	5
46976	2018	122	30
46976	2018	140	100
46976	2018	144	100
46976	2018	148	100
46981	2017	103	5
46981	2017	103	0
46981	2017	128	100
46981	2017	128	100
46981	2017	131	100
46981	2017	135	100
46981	2017	139	100
46981	2018	98	0
46981	2018	104	0
46981	2018	116	2
46981	2018	122	20
46981	2018	142	100
46981	2018	144	100
46981	2018	148	100
46995	2018	95	2
46995	2018	97	0
46995	2018	103	0
46995	2018	109	2
46995	2018	109	5
46995	2018	111	10
46995	2018	115	50
46995	2018	115	60
46995	2018	116	80
46995	2018	118	100
46995	2018	118	95
46995	2018	129	100
46995	2018	133	100
46995	2018	133	100
47029	2017	129	15
47029	2017	131	10
47029	2017	131	0
47029	2017	132	5
47029	2017	146	5
47029	2017	153	95
47038	2017	103	12
47038	2017	109	0
47038	2017	111	15
47038	2017	118	80
47038	2017	128	100
47038	2017	129	100
47038	2017	131	100
47106	2017	118	0
47106	2017	119	0
47106	2017	137	100
47106	2017	137	100
47106	2017	139	100
47106	2017	151	100
47106	2017	152	100
47119	2018	103	0
47119	2018	107	0
47119	2018	111	0
47119	2018	111	0
47119	2018	115	0
47119	2018	118	2
47119	2018	122	2
47119	2018	138	100
47119	2018	143	100
47142	2018	118	0
47142	2018	129	0
47142	2018	129	0
47142	2018	130	10
47142	2018	131	2
47142	2018	133	2
47142	2018	135	0
47142	2018	140	25
47142	2018	155	100
47142	2018	161	100
47781	2018	120	0
47781	2018	122	0
47781	2018	132	10
47781	2018	142	100
47781	2018	153	100
47781	2018	154	100
47781	2018	154	100
47781	2018	156	100
47840	2018	98	0
47840	2018	99	2
47840	2018	100	5
47840	2018	103	0
47840	2018	111	5
47840	2018	111	10
47840	2018	113	5
47840	2018	114	0
47840	2018	118	10
47840	2018	118	0
47840	2018	118	20
47840	2018	120	5
47840	2018	140	99
48030	2018	98	50
48030	2018	103	10
48030	2018	111	10
48030	2018	118	75
48030	2018	122	100
48040	2018	111	25
48040	2018	114	0
48040	2018	120	0
48040	2018	123	5
48040	2018	141	95
48040	2018	144	100
48040	2018	147	100
48040	2018	151	100
48040	2018	153	100
48040	2018	154	100
48040	2018	154	100
48040	2018	155	100
48040	2018	155	100
48054	2018	101	0
48054	2018	106	0
48054	2018	109	5
48054	2018	120	35
48054	2018	122	30
48054	2018	139	100
48054	2018	141	0
48142	2018	116	0
48142	2018	118	100
48142	2018	119	0
48142	2018	128	5
48142	2018	132	5
48142	2018	144	100
48142	2018	146	100
48142	2018	151	100
48187	2018	126	50
48187	2018	129	10
48187	2018	130	30
48187	2018	131	40
48187	2018	141	5
48187	2018	144	10
48187	2018	160	100
48211	2018	105	0
48211	2018	110	0
48211	2018	111	0
48211	2018	111	0
48211	2018	113	0
48211	2018	114	0
48211	2018	115	0
48211	2018	115	0
48211	2018	118	0
48211	2018	120	5
48211	2018	125	0
48211	2018	125	5
48211	2018	128	20
48211	2018	129	10
48211	2018	131	20
48211	2018	132	30
48211	2018	133	80
48211	2018	144	100
48295	2018	137	2
48295	2018	141	5
48295	2018	150	5
48295	2018	151	5
48295	2018	158	80
48295	2018	159	100
48295	2018	162	100
48295	2018	172	100
48314	2018	137	10
48314	2018	140	40
48314	2018	144	20
48314	2018	145	5
48314	2018	146	20
48314	2018	150	70
48314	2018	152	90
48314	2018	160	100
48404	2018	115	0
48404	2018	118	5
48404	2018	121	5
48404	2018	122	0
48404	2018	128	0
48404	2018	130	10
48404	2018	132	15
48404	2018	132	20
48404	2018	133	20
48404	2018	133	15
48404	2018	136	70
48404	2018	140	100
48404	2018	141	95
48404	2018	142	100
48404	2018	144	100
48404	2018	146	100
48550	2018	96	2
48550	2018	100	0
48550	2018	103	2
48550	2018	115	60
48550	2018	122	100
48550	2018	129	100
48550	2018	141	100
48550	2018	142	100
48550	2018	144	100
48919	2020	98	0
48919	2020	100	0
48919	2020	110	5
48919	2020	112	0
48919	2020	124	100
48919	2020	128	100
48919	2020	128	0
49022	2020	102	0
49022	2020	105	0
49022	2020	110	0
49022	2020	116	0
49022	2020	119	0
49022	2020	128	100
49022	2020	139	100
49022	2020	147	100
49022	2020	150	100
49022	2020	154	100
49102	2020	91	0
49102	2020	100	0
49102	2020	102	1
49102	2020	104	0
49102	2020	105	5
49102	2020	107	5
49102	2020	110	25
49102	2020	124	100
49102	2020	126	100
49102	2020	128	100
49102	2020	133	100
49102	2020	133	100
49102	2020	135	100
49102	2020	137	100
49102	2020	139	100
49103	2020	76	0
49103	2020	82	0
49103	2020	83	0
49103	2020	88	0
49103	2020	91	0
49103	2020	122	100
49103	2020	124	100
49103	2020	124	100
49103	2020	128	100
49276	2020	128	0
49276	2020	141	2
49276	2020	150	98
49276	2020	152	100
49276	2020	154	100
49276	2020	159	100
49276	2020	161	100
49276	2020	163	100
49276	2020	168	100
49276	2020	169	100
49374	2020	100	0
49374	2020	102	0
49374	2020	105	0
49374	2020	110	0
49374	2020	112	5
49374	2020	124	95
49374	2020	128	100
49376	2020	95	0
49376	2020	100	0
49376	2020	104	0
49376	2020	112	5
49376	2020	116	5
49376	2020	128	95
49376	2020	137	100
49376	2020	139	100
49381	2020	108	0
49381	2020	112	0
49381	2020	116	0
49381	2020	119	0
49381	2020	122	0
49381	2020	122	1
49381	2020	128	1
49381	2020	131	15
49381	2020	137	100
49381	2020	137	100
49381	2020	139	100
49381	2020	141	100
49381	2020	150	100
49381	2020	154	100
49381	2020	154	100
49381	2020	159	100
49386	2020	93	0
49386	2020	108	2
49386	2020	119	45
49386	2020	124	100
49386	2020	137	100
49386	2020	143	100
49510	2020	100	0
49510	2020	102	2
49510	2020	105	0
49510	2020	107	0
49510	2020	108	0
49510	2020	110	0
49510	2020	119	20
49510	2020	124	50
49510	2020	124	18
49510	2020	128	80
49510	2020	131	90
49510	2020	133	95
49510	2020	135	95
49510	2020	143	100
49510	2020	154	100
49510	2020	155	100
49510	2020	159	100
49634	2020	98	0
49634	2020	100	0
49634	2020	102	0
49634	2020	107	0
49634	2020	118	2
49634	2020	129	100
49634	2020	131	100
49634	2020	137	100
49634	2020	139	100
49634	2020	143	100
49680	2020	86	0
49680	2020	104	2
49680	2020	105	2
49680	2020	107	5
49680	2020	110	10
49680	2020	114	60
49680	2020	116	65
49680	2020	122	100
49680	2020	139	100
49957	2020	108	0
49957	2020	110	0
49957	2020	112	20
49957	2020	112	0
49957	2020	135	100
49957	2020	137	100
49957	2020	139	100
49957	2020	152	100
49957	2020	154	100
49957	2020	155	100
49957	2021	89	0
49957	2021	100	0
49957	2021	102	0
49957	2021	114	5
49957	2021	120	90
49957	2021	143	100
49957	2021	145	100
49957	2021	146	100
49957	2021	148	100
49963	2021	88	0
49963	2021	92	1
49963	2021	100	2
49963	2021	114	100
49963	2021	120	100
49963	2021	123	100
49963	2021	125	100
49963	2021	130	100
49963	2021	130	100
50292	2020	124	5
50292	2020	128	0
50292	2020	150	100
50292	2020	150	100
50292	2020	152	100
50292	2020	154	100
50292	2020	155	100
50292	2020	162	100
50292	2020	163	100
50311	2020	131	5
50311	2020	135	20
50311	2020	135	25
50311	2020	137	60
50311	2020	139	95
50311	2020	143	100
50311	2020	145	100
50311	2020	152	100
50311	2020	154	100
50342	2020	110	10
50342	2020	112	35
50342	2020	122	100
50342	2020	124	100
50342	2020	124	100
50342	2020	126	100
50342	2020	128	100
50342	2020	137	100
50342	2020	139	100
50366	2020	119	5
50366	2020	124	2
50366	2020	126	2
50366	2020	128	1
50366	2020	131	0
50366	2020	135	5
50366	2020	137	20
50366	2020	139	50
50366	2020	143	100
50366	2020	147	100
50374	2020	93	5
50374	2020	95	20
50374	2020	105	0
50374	2020	110	10
50374	2020	124	100
50374	2020	128	100
50374	2020	135	100
50374	2020	135	100
50483	2020	110	0
50483	2020	121	5
50483	2020	124	5
50483	2020	124	2
50483	2020	131	35
50483	2020	135	85
50483	2020	139	100
50483	2020	150	100
50483	2020	152	100
50483	2020	152	100
50483	2020	155	100
50531	2021	94	0
50531	2021	99	0
50531	2021	100	0
50531	2021	107	5
50531	2021	137	100
50531	2021	138	100
50531	2021	144	100
50627	2020	102	0
50627	2020	104	0
50627	2020	110	0
50627	2020	112	2
50627	2020	114	0
50627	2020	116	0
50627	2020	122	8
50627	2020	122	5
50627	2020	124	20
50627	2020	126	60
50627	2020	128	40
50627	2020	135	100
50627	2020	137	100
50627	2020	147	100
50627	2020	147	100
50627	2020	150	100
50627	2020	152	100
50627	2021	95	0
50627	2021	98	0
50627	2021	99	0
50627	2021	100	0
50627	2021	100	0
50627	2021	102	0
50627	2021	103	0
50627	2021	106	0
50627	2021	108	0
50627	2021	110	0
50627	2021	116	0
50627	2021	117	5
50627	2021	118	5
50627	2021	123	15
50627	2021	124	20
50627	2021	126	70
50627	2021	127	80
50627	2021	128	100
50627	2021	128	80
50627	2021	130	100
50627	2021	130	100
50627	2021	130	100
50627	2021	139	100
50627	2021	143	100
50627	2021	145	100
50627	2021	153	100
50664	2020	76	0
50664	2020	86	0
50664	2020	93	0
50664	2020	93	15
50664	2020	98	2
50664	2020	104	60
50664	2020	104	50
50664	2020	105	80
50664	2020	112	100
50664	2020	122	100
50664	2020	124	100
50697	2020	148	1
50697	2020	150	0
50697	2020	154	100
50697	2020	154	5
50697	2020	155	5
50697	2020	162	5
50697	2020	163	5
50697	2020	166	30
50697	2020	168	80
50697	2020	182	100
50735	2020	100	0
50735	2020	104	0
50735	2020	105	0
50735	2020	110	1
50735	2020	112	5
50735	2020	122	80
50735	2020	128	100
50735	2020	133	100
50735	2020	135	100
50735	2020	137	100
50763	2020	118	0
50763	2020	119	0
50763	2020	119	0
50763	2020	122	0
50763	2020	126	0
50763	2020	131	5
50763	2020	133	2
50763	2020	135	5
50763	2020	137	5
50763	2020	141	20
50763	2020	154	100
50763	2020	162	100
50763	2020	163	100
50784	2020	124	30
50784	2020	128	10
50784	2020	129	30
50784	2020	131	10
50784	2020	135	2
50784	2020	135	15
50784	2020	141	25
50784	2020	143	55
50784	2020	150	100
50784	2020	152	100
50784	2020	154	100
50784	2020	155	100
50800	2020	100	0
50800	2020	102	5
50800	2020	107	2
50800	2020	110	20
50800	2020	110	5
50800	2020	139	100
51351	2021	86	0
51351	2021	88	0
51351	2021	93	0
51351	2021	95	0
51351	2021	96	40
51351	2021	98	2
51351	2021	99	1
51351	2021	102	2
51351	2021	103	5
51351	2021	104	10
51351	2021	107	15
51351	2021	108	40
51351	2021	109	40
51351	2021	114	90
51351	2021	120	100
51351	2021	122	100
51351	2021	124	100
51351	2021	127	100
51351	2021	128	100
51351	2021	130	100
51351	2021	130	100
51389	2021	107	0
51389	2021	108	25
51389	2021	114	1
51389	2021	120	60
51389	2021	122	0
51389	2021	123	50
51389	2021	124	60
51389	2021	125	60
51389	2021	130	95
51389	2021	130	98
51389	2021	132	100
51389	2021	134	100
51389	2021	135	100
51389	2021	140	100
51389	2021	141	100
51389	2021	141	100
51390	2021	80	0
51390	2021	83	0
51390	2021	86	0
51390	2021	87	0
51390	2021	100	2
51390	2021	107	20
51390	2021	108	30
51390	2021	109	15
51390	2021	111	35
51390	2021	114	60
51390	2021	117	90
51390	2021	122	90
51390	2021	124	100
51390	2021	128	100
51390	2021	130	100
51390	2021	130	100
51390	2021	132	100
51408	2021	106	20
51408	2021	114	5
51408	2021	125	20
51408	2021	135	80
51408	2021	140	100
51408	2021	153	100
51410	2021	103	1
51410	2021	107	25
51410	2021	109	0
51410	2021	109	15
51410	2021	115	2
51410	2021	117	0
51410	2021	122	0
51410	2021	123	2
51410	2021	132	90
51410	2021	142	100
51410	2021	144	100
51410	2021	145	100
51410	2022	105	0
51410	2022	116	2
51410	2022	117	0
51410	2022	120	0
51410	2022	122	30
51410	2022	124	40
51410	2022	125	20
51410	2022	126	45
51410	2022	131	100
51410	2022	137	100
51410	2022	139	100
51410	2022	148	100
51442	2021	89	0
51442	2021	93	0
51442	2021	94	40
51442	2021	107	1
51442	2021	117	90
51442	2021	123	100
51442	2021	130	100
51442	2021	135	100
51448	2021	83	0
51448	2021	89	0
51448	2021	92	10
51448	2021	95	0
51448	2021	96	0
51448	2021	97	2
51448	2021	99	2
51448	2021	100	3
51448	2021	101	35
51448	2021	102	3
51448	2021	102	10
51448	2021	104	5
51448	2021	106	8
51448	2021	106	20
51448	2021	107	2
51448	2021	109	10
51448	2021	113	30
51448	2021	114	50
51448	2021	116	68
51448	2021	117	80
51448	2021	122	95
51448	2021	123	100
51448	2021	128	100
51448	2021	130	100
51450	2021	86	0
51450	2021	88	20
51450	2021	94	70
51450	2021	95	5
51450	2021	100	0
51450	2021	100	0
51450	2021	103	0
51450	2021	107	10
51450	2021	107	30
51450	2021	117	100
51450	2021	122	100
51450	2021	124	100
51450	2021	125	100
51450	2021	128	100
51450	2021	129	100
51450	2021	130	100
51495	2021	108	10
51495	2021	110	0
51495	2021	116	0
51495	2021	120	0
51495	2021	123	0
51495	2021	128	0
51495	2021	136	70
51495	2021	137	40
51495	2021	144	100
51495	2021	149	100
51495	2021	152	100
51516	2021	109	0
51516	2021	110	0
51516	2021	111	5
51516	2021	111	100
51516	2021	114	0
51516	2021	117	0
51516	2021	127	10
51516	2021	128	5
51516	2021	134	75
51516	2021	135	90
51516	2021	141	100
51516	2021	147	100
51543	2021	106	15
51543	2021	109	0
51543	2021	110	0
51543	2021	114	2
51543	2021	116	0
51543	2021	117	0
51543	2021	130	50
51543	2021	132	85
51543	2021	132	80
51543	2021	134	100
51543	2021	135	100
51543	2021	140	80
51543	2021	141	100
51543	2021	145	95
51592	2021	130	0
51592	2021	130	0
51592	2021	140	5
51592	2021	141	2
51592	2021	143	2
51592	2021	154	97
51592	2021	158	100
51592	2021	161	100
51592	2021	162	100
51592	2022	91	0
51592	2022	105	0
51592	2022	137	100
51592	2022	138	100
51592	2022	140	100
51592	2022	147	100
51628	2021	92	0
51628	2021	93	0
51628	2021	95	0
51628	2021	95	5
51628	2021	95	0
51628	2021	98	0
51628	2021	99	5
51628	2021	103	0
51628	2021	104	5
51628	2021	108	25
51628	2021	109	3
51628	2021	111	10
51628	2021	113	20
51628	2021	114	10
51628	2021	114	20
51628	2021	116	60
51628	2021	117	60
51628	2021	120	95
51628	2021	123	90
51628	2021	123	99
51628	2021	124	90
51628	2021	127	100
51628	2021	128	100
51628	2021	129	100
51628	2021	134	100
51628	2022	110	0
51628	2022	111	0
51628	2022	114	0
51628	2022	117	0
51628	2022	117	0
51628	2022	118	0
51628	2022	119	0
51628	2022	134	80
51628	2022	139	100
51628	2022	147	100
51628	2022	148	100
51652	2021	117	5
51652	2021	118	0
51652	2021	120	20
51652	2021	123	46
51652	2021	128	90
51652	2021	129	100
51652	2021	140	100
51652	2021	141	100
51652	2021	143	100
51652	2022	101	0
51652	2022	104	0
51652	2022	105	0
51652	2022	116	0
51652	2022	117	0
51652	2022	118	5
51652	2022	127	100
51652	2022	129	100
51652	2022	131	100
51652	2022	133	100
51652	2022	137	100
51652	2022	139	100
51657	2021	99	1
51657	2021	104	0
51657	2021	106	5
51657	2021	115	9
51657	2021	116	9
51657	2021	120	5
51657	2021	123	10
51657	2021	125	25
51657	2021	128	90
51657	2022	83	0
51657	2022	130	100
51657	2022	132	100
51657	2022	133	100
51657	2022	137	100
51657	2022	138	100
51659	2021	89	0
51659	2021	93	0
51659	2021	94	60
51659	2021	97	0
51659	2021	98	0
51659	2021	99	30
51659	2021	103	1
51659	2021	107	15
51659	2021	109	5
51659	2021	114	25
51659	2021	117	80
51659	2021	119	80
51659	2021	120	95
51659	2021	122	95
51659	2021	123	100
51659	2021	123	100
51659	2021	124	100
51659	2021	127	100
51659	2021	128	100
51659	2021	130	100
51659	2021	134	100
51730	2022	111	0
51730	2022	114	0
51730	2022	115	2
51730	2022	116	0
51730	2022	117	0
51730	2022	118	0
51730	2022	126	0
51730	2022	132	10
51730	2022	134	65
51730	2022	137	95
51730	2022	137	95
51753	2021	108	5
51753	2021	114	2
51753	2021	114	0
51753	2021	128	5
51753	2021	131	15
51753	2021	143	100
51753	2021	152	100
51767	2022	105	0
51767	2022	108	0
51767	2022	110	0
51767	2022	110	0
51767	2022	119	10
51767	2022	129	100
51767	2022	137	100
51767	2022	141	100
51767	2022	145	100
51777	2021	104	5
51777	2021	112	0
51777	2021	115	0
51777	2021	127	10
51777	2021	143	100
51777	2021	152	100
51783	2021	107	30
51783	2021	108	15
51783	2021	109	0
51783	2021	114	0
51783	2021	117	0
51783	2021	134	35
51783	2021	135	70
51783	2021	142	100
51783	2021	151	100
51808	2021	106	20
51808	2021	107	40
51808	2021	108	35
51808	2021	109	0
51808	2021	114	0
51808	2021	115	0
51808	2021	120	1
51808	2021	123	1
51808	2021	132	20
51808	2021	134	20
51808	2021	137	60
51808	2021	141	90
51808	2021	141	100
51808	2021	143	99
51808	2021	145	100
51808	2021	150	100
51808	2021	151	100
51808	2021	152	100
51821	2021	125	0
51821	2021	128	0
51821	2021	128	0
51821	2021	129	5
51821	2021	130	0
51821	2021	132	30
51821	2021	134	0
51821	2021	140	10
51821	2021	141	2
51821	2021	144	3
51821	2021	150	3
51821	2021	152	10
51821	2021	154	50
51821	2021	157	60
51821	2021	158	80
51821	2021	158	75
51821	2021	162	100
51821	2021	163	95
51821	2021	163	90
51821	2022	112	0
51821	2022	117	2
51821	2022	129	100
51821	2022	132	100
51821	2022	134	100
51821	2022	160	100
51837	2021	95	25
51837	2021	95	0
51837	2021	95	0
51837	2021	97	0
51837	2021	98	0
51837	2021	99	0
51837	2021	100	0
51837	2021	101	5
51837	2021	102	0
51837	2021	102	1
51837	2021	107	0
51837	2021	107	0
51837	2021	110	0
51837	2021	123	100
51837	2021	140	100
51840	2022	95	0
51840	2022	97	0
51840	2022	103	0
51840	2022	105	0
51840	2022	112	10
51840	2022	114	10
51840	2022	117	30
51840	2022	119	75
51840	2022	121	90
51840	2022	123	100
51840	2022	123	100
51840	2022	124	100
51840	2022	124	100
51840	2022	125	100
51840	2022	125	100
51840	2022	129	100
51840	2022	130	100
51840	2022	131	100
51840	2022	132	100
51840	2022	133	100
51840	2022	135	100
51840	2022	137	100
51840	2022	137	100
51840	2022	138	100
51840	2022	145	100
51840	2022	148	100
51852	2021	103	2
51852	2021	104	0
51852	2021	107	0
51852	2021	114	1
51852	2021	127	85
51852	2021	131	100
51852	2021	132	100
51852	2021	134	100
51852	2021	136	100
51852	2021	137	100
51852	2021	140	100
51852	2021	140	100
51852	2022	89	0
51852	2022	90	0
51852	2022	97	0
51852	2022	112	60
51852	2022	120	100
51852	2022	126	100
51852	2022	127	100
51852	2022	130	100
51852	2022	131	100
51852	2022	132	100
51852	2022	137	100
51852	2022	138	100
51852	2022	139	100
51869	2021	94	25
51869	2021	100	0
51869	2021	102	0
51869	2021	103	0
51869	2021	104	5
51869	2021	111	5
51869	2021	114	5
51869	2021	114	30
51869	2021	117	25
51869	2021	125	100
51869	2021	128	100
51869	2021	132	100
51869	2021	135	100
51869	2022	79	0
51869	2022	89	0
51869	2022	90	10
51869	2022	110	85
51869	2022	112	100
51869	2022	117	100
51869	2022	124	100
51873	2021	110	0
51873	2021	114	0
51873	2021	114	0
51873	2021	115	0
51873	2021	116	2
51873	2021	117	0
51873	2021	118	2
51873	2021	120	1
51873	2021	122	5
51873	2021	123	5
51873	2021	125	5
51873	2021	125	10
51873	2021	126	5
51873	2021	128	7
51873	2021	129	10
51873	2021	129	11
51873	2021	130	10
51873	2021	130	10
51873	2021	132	30
51873	2021	133	30
51873	2021	134	40
51873	2021	145	100
51893	2021	128	20
51893	2021	132	20
51893	2021	134	5
51893	2021	141	25
51893	2021	141	20
51893	2021	144	5
51893	2021	151	99
51893	2021	151	100
51893	2021	157	100
51893	2021	158	100
51903	2021	106	0
51903	2021	108	0
51903	2021	116	3
51903	2021	120	5
51903	2021	123	5
51903	2021	124	10
51903	2021	127	30
51903	2021	128	65
51903	2021	129	80
51903	2021	129	60
51903	2021	144	100
51903	2021	145	100
51903	2021	146	100
51903	2022	102	0
51903	2022	102	0
51903	2022	103	0
51903	2022	107	1
51903	2022	110	1
51903	2022	118	10
51903	2022	118	20
51903	2022	127	100
51903	2022	129	100
51903	2022	131	100
51903	2022	132	100
51903	2022	134	100
51903	2022	137	100
51903	2022	141	100
51904	2021	101	0
51904	2021	107	0
51904	2021	107	5
51904	2021	117	2
51904	2021	127	90
51904	2021	130	100
51904	2021	137	100
51904	2021	140	100
51904	2022	105	0
51904	2022	107	0
51904	2022	116	20
51904	2022	122	90
51904	2022	129	100
51904	2022	130	100
51904	2022	131	100
51904	2022	137	100
51904	2022	140	100
51912	2021	106	2
51912	2021	114	0
51912	2021	128	65
51912	2021	137	100
51912	2021	141	100
51912	2021	149	100
51912	2021	151	100
51912	2022	88	0
51912	2022	97	0
51912	2022	105	0
51912	2022	105	7
51912	2022	110	20
51914	2022	103	0
51914	2022	105	0
51914	2022	110	0
51914	2022	122	0
51914	2022	130	100
51914	2022	139	100
51914	2022	155	100
51959	2021	107	0
51959	2021	108	5
51959	2021	109	0
51959	2021	110	0
51959	2021	115	0
51959	2021	117	0
51959	2021	124	30
51959	2021	132	15
51959	2021	135	60
51959	2021	137	40
51959	2021	143	100
51959	2021	144	100
51959	2021	146	100
51959	2021	147	100
51959	2021	151	100
51959	2022	111	2
51959	2022	117	1
51959	2022	119	5
51959	2022	124	30
51959	2022	131	100
51959	2022	131	95
51959	2022	133	100
51959	2022	134	100
51959	2022	134	100
51959	2022	139	100
51959	2022	147	100
51965	2021	117	2
51965	2021	131	10
51965	2021	143	100
51965	2021	144	100
51965	2021	147	100
51965	2021	151	100
51965	2021	152	100
51965	2021	153	100
51965	2021	154	100
51965	2021	157	100
51965	2021	158	100
51965	2021	160	100
51996	2022	102	0
51996	2022	115	100
51996	2022	123	100
51996	2022	124	100
51996	2022	126	100
51996	2022	130	100
51996	2022	131	100
51996	2022	137	100
51996	2022	141	100
51997	2022	121	1
51997	2022	123	0
51997	2022	124	0
51997	2022	124	0
51997	2022	125	0
51997	2022	127	0
51997	2022	130	0
51997	2022	131	0
51997	2022	134	0
51997	2022	138	3
51997	2022	139	2
51997	2022	148	85
51997	2022	153	100
51997	2022	155	100
51997	2022	161	100
51997	2022	163	100
52018	2021	110	0
52018	2021	111	0
52018	2021	112	0
52018	2021	114	0
52018	2021	115	0
52018	2021	117	1
52018	2021	118	0
52018	2021	118	1
52018	2021	120	1
52018	2021	123	0
52018	2021	127	5
52018	2021	130	10
52018	2021	130	5
52018	2021	132	10
52018	2021	133	15
52018	2021	134	60
52018	2021	137	80
52018	2021	140	100
52018	2021	141	100
52018	2021	144	100
52018	2021	145	100
52021	2021	114	0
52021	2021	128	1
52021	2021	141	100
52021	2021	142	100
52021	2021	157	100
52021	2021	158	100
52045	2021	135	0
52045	2021	137	0
52045	2021	140	20
52045	2021	152	25
52045	2021	157	60
52045	2021	158	60
52045	2021	163	100
52061	2021	108	15
52061	2021	114	0
52061	2021	118	5
52061	2021	120	7
52061	2021	123	30
52061	2021	127	90
52061	2021	130	99
52061	2021	130	100
52061	2021	141	100
52061	2022	90	0
52061	2022	105	0
52061	2022	108	2
52061	2022	108	3
52061	2022	110	5
52061	2022	114	30
52061	2022	117	30
52061	2022	125	100
52061	2022	129	100
52061	2022	131	100
52061	2022	132	100
52061	2022	139	100
52061	2022	140	100
52065	2021	103	0
52065	2021	104	5
52065	2021	107	20
52065	2021	107	5
52065	2021	115	0
52065	2021	119	0
52065	2021	122	8
52065	2021	123	10
52065	2021	123	5
52065	2021	127	30
52065	2021	127	35
52065	2021	128	60
52065	2021	129	80
52065	2021	130	60
52065	2021	134	98
52065	2021	135	100
52331	2021	104	0
52331	2021	114	1
52331	2021	122	20
52331	2021	130	100
52331	2021	140	100
52331	2021	143	100
52948	2022	116	5
52948	2022	117	2
52948	2022	119	0
52948	2022	123	0
52948	2022	124	0
52948	2022	131	5
52948	2022	132	5
52948	2022	138	10
52948	2022	146	80
52948	2022	155	100
52952	2022	111	0
52952	2022	119	0
52952	2022	124	1
52952	2022	131	10
52952	2022	132	35
52952	2022	134	75
52952	2022	137	85
52952	2022	138	90
52952	2022	139	100
52952	2022	146	100
52959	2022	108	10
52959	2022	124	0
52959	2022	125	15
52959	2022	126	25
52959	2022	127	45
52959	2022	137	100
52982	2022	105	0
52982	2022	114	15
52982	2022	116	5
52982	2022	117	0
52982	2022	117	5
52982	2022	118	0
52982	2022	119	0
52982	2022	123	5
52982	2022	124	10
52982	2022	127	35
52982	2022	130	90
52982	2022	133	100
52982	2022	134	99
52982	2022	139	100
53019	2022	97	0
53019	2022	130	100
53019	2022	131	100
53019	2022	133	100
53019	2022	137	100
53019	2022	152	100
53022	2022	130	10
53022	2022	131	0
53022	2022	132	5
53022	2022	133	0
53022	2022	138	0
53022	2022	139	0
53022	2022	141	0
53022	2022	147	5
53022	2022	151	15
53022	2022	152	10
53022	2022	160	100
53022	2022	160	100
53025	2022	65	98
53025	2022	119	0
53025	2022	133	0
53025	2022	134	7
53025	2022	138	5
53025	2022	139	8
53025	2022	145	60
53025	2022	155	100
53025	2022	158	100
53025	2022	158	100
53025	2022	160	100
53025	2022	161	100
53058	2022	108	0
53058	2022	117	10
53058	2022	131	70
53058	2022	133	100
53058	2022	137	100
53058	2022	145	100
53073	2022	96	0
53073	2022	105	0
53073	2022	111	20
53073	2022	114	15
53073	2022	116	20
53073	2022	116	55
53073	2022	117	65
53073	2022	118	65
53073	2022	122	100
53073	2022	124	100
53073	2022	131	100
53073	2022	132	100
53073	2022	134	100
53073	2022	134	100
53073	2022	137	100
53073	2022	137	100
53073	2022	139	100
53081	2022	114	2
53081	2022	118	15
53081	2022	124	80
53081	2022	124	80
53081	2022	126	100
53081	2022	134	100
53081	2022	138	98
53081	2022	148	100
53114	2022	116	7
53114	2022	124	60
53114	2022	132	100
53114	2022	134	100
53114	2022	139	100
53114	2022	139	100
53118	2022	110	0
53118	2022	111	0
53118	2022	114	10
53118	2022	120	5
53118	2022	122	15
53118	2022	126	5
53118	2022	134	95
53118	2022	145	100
53118	2022	155	100
53134	2022	96	5
53134	2022	103	0
53134	2022	105	0
53134	2022	110	0
53134	2022	118	0
53134	2022	120	10
53134	2022	124	15
53134	2022	137	100
53134	2022	137	100
53134	2022	138	100
53134	2022	138	100
53134	2022	141	100
53134	2022	145	100
53148	2022	103	0
53148	2022	109	0
53148	2022	110	0
53148	2022	116	0
53148	2022	116	2
53148	2022	120	10
53148	2022	122	3
53148	2022	122	10
53148	2022	124	20
53148	2022	125	20
53148	2022	126	30
53148	2022	127	40
53148	2022	131	100
53148	2022	133	100
53148	2022	137	100
53148	2022	141	100
53170	2022	105	10
53170	2022	117	25
53170	2022	127	75
53170	2022	132	98
53170	2022	134	100
53170	2022	138	100
53179	2022	89	0
53179	2022	90	0
53179	2022	91	0
53179	2022	97	3
53179	2022	105	5
53179	2022	110	35
53179	2022	110	30
53179	2022	122	0
53179	2022	129	100
53179	2022	130	100
53179	2022	132	100
53179	2022	141	100
53185	2022	131	0
53185	2022	138	4
53185	2022	139	0
53185	2022	145	30
53185	2022	146	40
53185	2022	147	60
53185	2022	154	100
53189	2022	116	5
53189	2022	117	10
53189	2022	117	15
53189	2022	119	2
53189	2022	120	2
53189	2022	122	100
53189	2022	124	0
53189	2022	126	2
53189	2022	129	0
53189	2022	130	0
53189	2022	131	0
53189	2022	132	30
53189	2022	133	3
53189	2022	139	10
53189	2022	141	20
53212	2022	99	0
53212	2022	103	0
53212	2022	114	35
53212	2022	114	40
53212	2022	117	60
53212	2022	117	80
53212	2022	124	100
53212	2022	129	100
53212	2022	133	100
53212	2022	134	100
53230	2022	117	0
53230	2022	118	10
53230	2022	127	0
53230	2022	130	0
53230	2022	131	5
53230	2022	140	30
53230	2022	146	100
53230	2022	148	100
53235	2022	99	0
53235	2022	108	1
53235	2022	116	10
53235	2022	117	5
53235	2022	120	30
53235	2022	122	70
53235	2022	122	90
53235	2022	126	100
53235	2022	130	100
53235	2022	132	100
53235	2022	133	100
53235	2022	137	100
53235	2022	140	100
53251	2022	88	0
53251	2022	89	0
53251	2022	110	10
53251	2022	117	55
53251	2022	127	100
53251	2022	130	100
53251	2022	141	100
53260	2022	105	1
53260	2022	108	0
53260	2022	120	5
53260	2022	122	10
53260	2022	131	90
53260	2022	131	60
53260	2022	132	65
53260	2022	132	60
53260	2022	134	85
53260	2022	138	100
53260	2022	139	100
53260	2022	139	100
53260	2022	145	100
53260	2022	147	100
53282	2022	103	7
53282	2022	116	1
53282	2022	118	2
53282	2022	119	5
53282	2022	122	5
53282	2022	126	80
53282	2022	131	100
53282	2022	132	100
53282	2022	138	100
53401	2022	109	0
53401	2022	114	5
53401	2022	117	1
53401	2022	119	3
53401	2022	123	5
53401	2022	125	8
53401	2022	132	5
53401	2022	148	100
53401	2022	151	100
53458	2022	96	0
53458	2022	99	0
53458	2022	114	0
53458	2022	114	2
53458	2022	122	70
53458	2022	129	100
53458	2022	134	100
53458	2022	137	100
53458	2022	139	100
53458	2022	141	100
53494	2022	124	0
53494	2022	124	0
53494	2022	137	2
53494	2022	139	5
53494	2022	145	55
53494	2022	147	90
53497	2022	89	0
53497	2022	104	0
53497	2022	110	5
53497	2022	114	40
53497	2022	117	60
53497	2022	117	90
53652	2022	105	80
53652	2022	109	0
53652	2022	114	15
53652	2022	116	40
53652	2022	117	1
53652	2022	133	90
53652	2022	134	95
53652	2022	137	100
53652	2022	137	100
53652	2022	139	100
53652	2022	140	100
53712	2022	90	0
53712	2022	95	0
53712	2022	98	3
53712	2022	103	5
53712	2022	105	5
53712	2022	117	60
53712	2022	123	100
53712	2022	124	95
53755	2022	104	0
53755	2022	105	2
53755	2022	110	5
53755	2022	117	0
53755	2022	137	100
53755	2022	141	100
53755	2022	145	100
53755	2022	146	100
53755	2022	148	100
53810	2022	111	5
53810	2022	115	2
53810	2022	116	5
53810	2022	117	5
53810	2022	129	100
53810	2022	134	100
53810	2022	134	100
53810	2022	137	100
53810	2022	138	100
53810	2022	138	100
53810	2022	139	100
